{
  "allcommand": [
    "Owner",
    "Hd",
    "Ytmp4",
    "Addowner",
    "Allmenu",
    "Tt",
    "On",
    "Antitoxic",
    "Antibadword",
    "Hidetag",
    "Setwelcome",
    "Google",
    "Pin",
    "Addlimit",
    "Ownermenu",
    "Addprem",
    "Antispam",
    "Speed",
    "Ping",
    "Runtime",
    "Menu",
    "Tebakkata",
    "Totalfitur",
    "Ram",
    "Listowner",
    "Listprem",
    "Tourl",
    "Restart",
    "Ehz",
    "Public",
    "Ytmp3",
    "Tomp3",
    "Tupai",
    "Toimg",
    "Play",
    "Toptv",
    "Smeme",
    "Sc",
    "Anime",
    "Karakter",
    "S",
    "Qc",
    "Kalkulator",
    "Cecan",
    "Husbu",
    "Alkitab",
    "Del",
    "Brainly",
    "Promote",
    "Demote",
    "Listvn",
    "Self",
    "Stiker",
    "Sider",
    "Tinyurl",
    "Setthumb",
    "Addvn",
    "Addstik",
    "Viewonce",
    "Ewean",
    "Ubahposisi",
    "Atas",
    "Bawah",
    "Wikwik",
    "Periksa",
    "Obati",
    "Unban",
    "Unbanchat",
    "Me",
    "Ss",
    "Muah",
    "Yulibocil",
    "Ttsearch",
    "Lu",
    "Menfes",
    "Get",
    "Emojimix",
    "Tr",
    "Tiktok",
    "Ai",
    "Wm",
    "Bass",
    "Banstik",
    "Ttsanime",
    "Quotessad",
    "Afk",
    "Dalle",
    "Ceklimit",
    "Sewa",
    "Qc2",
    "Hentai",
    "Ig",
    "Remini",
    "Curhat",
    "Ban",
    "Limit",
    "Menu2",
    "Suit",
    "Liststik",
    "Paptt",
    "Robin",
    "Elf",
    "Jadianime",
    "Dare",
    "Pinterest",
    "Givesaldo",
    "Sticker",
    "Pubg",
    "Join",
    "Setmenu",
    "D",
    "Anonfile",
    "Getidgc",
    "Tagwa",
    "Culik",
    "Bcgc",
    "Terbalik",
    "Teskal"
  ],
  "anonymous": [],
  "blockcmd": [
    {
      "cmd": "ttsanime"
    },
    {
      "cmd": "anonfile"
    }
  ],
  "banned": [],
  "premium": [
    {
      "id": "6281316643491@s.whatsapp.net",
      "expired": 1794018690107,
      "name": "`-єнαηz"
    }
  ],
  "claim": [],
  "data": [
    {
      "name": "premium",
      "id": [
        "paptt",
        "hentaivid"
      ]
    },
    {
      "name": "commands",
      "id": []
    },
    {
      "name": "owner",
      "id": [
        "62858611330211@s.whatsapp.net",
        "6281316643491@s.whatsapp.net"
      ]
    },
    {
      "name": "limit",
      "id": [
        "jadianime"
      ]
    }
  ],
  "sewa": [],
  "level": [
    {
      "name": "A",
      "id": "6283811806961",
      "date": "29 Januari 2024",
      "xp": 720,
      "level": 2,
      "hit": 0,
      "balance": 0,
      "limit": 15,
      "glimit": 20
    },
    {
      "name": "Xzii",
      "id": "6287730408365",
      "date": "29 Januari 2024",
      "xp": 166,
      "level": 1,
      "hit": 0,
      "balance": 0,
      "limit": 15,
      "glimit": 20
    },
    {
      "name": "Istri Gojo ╥﹏╥",
      "id": "6287764241370",
      "date": "29 Januari 2024",
      "xp": 823,
      "level": 1,
      "hit": 0,
      "balance": 0,
      "limit": 15,
      "glimit": 20
    },
    {
      "name": "𝓐𝓶𝓮𝓵𝓲𝓪𝓪",
      "id": "6285882131675",
      "date": "29 Januari 2024",
      "xp": 107,
      "level": 1,
      "hit": 0,
      "balance": 0,
      "limit": 15,
      "glimit": 20
    },
    {
      "name": "⠀ ⠀ ⠀ ⠀ ⠀ ⠀ ⠀",
      "id": "6289531041593",
      "date": "29 Januari 2024",
      "xp": 266,
      "level": 1,
      "hit": 0,
      "balance": 0,
      "limit": 15,
      "glimit": 20
    },
    {
      "name": "ʀαηgєʟ вσт ᵕ̈ᝰ",
      "id": "62858611330211",
      "date": "29 Januari 2024",
      "xp": 3360,
      "level": 4,
      "hit": 0,
      "balance": 0,
      "limit": 15,
      "glimit": 20
    },
    {
      "name": "r for riyzz",
      "id": "6285624530538",
      "date": "1 Februari 2024",
      "xp": 226,
      "level": 1,
      "hit": 0,
      "balance": 0,
      "limit": 15,
      "glimit": 20
    },
    {
      "name": ".",
      "id": "62858801507618",
      "date": "1 Februari 2024",
      "xp": 51,
      "level": 1,
      "hit": 0,
      "balance": 0,
      "limit": 15,
      "glimit": 20
    },
    {
      "name": "ZIXO",
      "id": "6283866936044",
      "date": "1 Februari 2024",
      "xp": 53,
      "level": 1,
      "hit": 0,
      "balance": 0,
      "limit": 15,
      "glimit": 20
    },
    {
      "name": "Alena Alexandra",
      "id": "6285855062093",
      "date": "1 Februari 2024",
      "xp": 159,
      "level": 1,
      "hit": 0,
      "balance": 0,
      "limit": 15,
      "glimit": 20
    },
    {
      "name": ".",
      "id": "6283128694010",
      "date": "1 Februari 2024",
      "xp": 763,
      "level": 1,
      "hit": 0,
      "balance": 0,
      "limit": 15,
      "glimit": 20
    },
    {
      "name": "*",
      "id": "6282182201407",
      "date": "1 Februari 2024",
      "xp": 117,
      "level": 1,
      "hit": 0,
      "balance": 0,
      "limit": 15,
      "glimit": 20
    },
    {
      "name": "Aria",
      "id": "6289525340368",
      "date": "1 Februari 2024",
      "xp": 214,
      "level": 1,
      "hit": 0,
      "balance": 0,
      "limit": 15,
      "glimit": 20
    },
    {
      "name": "Ara",
      "id": "6283830407458",
      "date": "1 Februari 2024",
      "xp": 493,
      "level": 2,
      "hit": 0,
      "balance": 0,
      "limit": 15,
      "glimit": 20
    },
    {
      "name": "Deaa",
      "id": "6285640508730",
      "date": "1 Februari 2024",
      "xp": 536,
      "level": 1,
      "hit": 0,
      "balance": 0,
      "limit": 15,
      "glimit": 20
    },
    {
      "name": "Fachri",
      "id": "6285811679363",
      "date": "2 Februari 2024",
      "xp": 59,
      "level": 1,
      "hit": 0,
      "balance": 0,
      "limit": 15,
      "glimit": 20
    },
    {
      "name": "Don't Stay Away",
      "id": "62895626241717",
      "date": "2 Februari 2024",
      "xp": 704,
      "level": 1,
      "hit": 0,
      "balance": 0,
      "limit": 15,
      "glimit": 20
    },
    {
      "name": "Ekal",
      "id": "6287720403858",
      "date": "2 Februari 2024",
      "xp": 107,
      "level": 1,
      "hit": 0,
      "balance": 0,
      "limit": 15,
      "glimit": 20
    },
    {
      "name": "Syahrial",
      "id": "62895615063060",
      "date": "2 Februari 2024",
      "xp": 104,
      "level": 1,
      "hit": 0,
      "balance": 0,
      "limit": 15,
      "glimit": 20
    },
    {
      "name": "IkyyKunn",
      "id": "6287872623056",
      "date": "2 Februari 2024",
      "xp": 59,
      "level": 1,
      "hit": 0,
      "balance": 0,
      "limit": 15,
      "glimit": 20
    },
    {
      "name": "Pangeran👑",
      "id": "628385806643",
      "date": "2 Februari 2024",
      "xp": 55,
      "level": 1,
      "hit": 0,
      "balance": 0,
      "limit": 15,
      "glimit": 20
    },
    {
      "name": "King Vàrnútt.",
      "id": "6285865783045",
      "date": "2 Februari 2024",
      "xp": 167,
      "level": 1,
      "hit": 0,
      "balance": 0,
      "limit": 15,
      "glimit": 20
    },
    {
      "name": "Royhan",
      "id": "6281775441660",
      "date": "2 Februari 2024",
      "xp": 158,
      "level": 1,
      "hit": 0,
      "balance": 0,
      "limit": 15,
      "glimit": 20
    },
    {
      "name": "Firdaus",
      "id": "62838768923311",
      "date": "2 Februari 2024",
      "xp": 429,
      "level": 1,
      "hit": 0,
      "balance": 0,
      "limit": 15,
      "glimit": 20
    },
    {
      "name": "Anda",
      "id": "62882016093815",
      "date": "2 Februari 2024",
      "xp": 58,
      "level": 1,
      "hit": 0,
      "balance": 0,
      "limit": 15,
      "glimit": 20
    },
    {
      "name": ".",
      "id": "62882002016341",
      "date": "3 Februari 2024",
      "xp": 275,
      "level": 1,
      "hit": 0,
      "balance": 0,
      "limit": 15,
      "glimit": 20
    },
    {
      "name": "¿Unknown Name? ¿Hayden¿",
      "id": "6285249680121",
      "date": "3 Februari 2024",
      "xp": 52,
      "level": 1,
      "hit": 0,
      "balance": 0,
      "limit": 15,
      "glimit": 20
    },
    {
      "name": "Just call me Cindi ❤",
      "id": "6281911294070",
      "date": "3 Februari 2024",
      "xp": 108,
      "level": 1,
      "hit": 0,
      "balance": 0,
      "limit": 15,
      "glimit": 20
    },
    {
      "name": "Yoo",
      "id": "6283893560348",
      "date": "3 Februari 2024",
      "xp": 212,
      "level": 1,
      "hit": 0,
      "balance": 0,
      "limit": 15,
      "glimit": 20
    },
    {
      "name": "Asyira",
      "id": "6289627784981",
      "date": "3 Februari 2024",
      "xp": 57,
      "level": 1,
      "hit": 0,
      "balance": 0,
      "limit": 15,
      "glimit": 20
    },
    {
      "name": "https://",
      "id": "6285601637355",
      "date": "3 Februari 2024",
      "xp": 54,
      "level": 1,
      "hit": 0,
      "balance": 0,
      "limit": 15,
      "glimit": 20
    },
    {
      "name": "~Rey",
      "id": "6289508163603",
      "date": "3 Februari 2024",
      "xp": 54,
      "level": 1,
      "hit": 0,
      "balance": 0,
      "limit": 15,
      "glimit": 20
    },
    {
      "name": "diiiiiii",
      "id": "6287864568965",
      "date": "3 Februari 2024",
      "xp": 53,
      "level": 1,
      "hit": 0,
      "balance": 0,
      "limit": 15,
      "glimit": 20
    },
    {
      "name": "Raftix",
      "id": "6285218248533",
      "date": "3 Februari 2024",
      "xp": 58,
      "level": 1,
      "hit": 0,
      "balance": 0,
      "limit": 15,
      "glimit": 20
    },
    {
      "name": "!key",
      "id": "6285255673524",
      "date": "3 Februari 2024",
      "xp": 167,
      "level": 1,
      "hit": 0,
      "balance": 0,
      "limit": 15,
      "glimit": 20
    },
    {
      "name": "イケメンエージェント",
      "id": "6281717297774",
      "date": "9 Februari 2024",
      "xp": 57,
      "level": 1,
      "hit": 0,
      "balance": 0,
      "limit": 15,
      "glimit": 20
    },
    {
      "name": "joxzy kang jasteb",
      "id": "62881012075310",
      "date": "10 Februari 2024",
      "xp": 58,
      "level": 1,
      "hit": 0,
      "balance": 0,
      "limit": 15,
      "glimit": 20
    },
    {
      "name": "Rizky A.F",
      "id": "6285787258718",
      "date": "10 Februari 2024",
      "xp": 213,
      "level": 1,
      "hit": 0,
      "balance": 0,
      "limit": 15,
      "glimit": 20
    },
    {
      "name": "van",
      "id": "6283863411892",
      "date": "10 Februari 2024",
      "xp": 106,
      "level": 1,
      "hit": 0,
      "balance": 0,
      "limit": 15,
      "glimit": 20
    },
    {
      "name": "Rayhan Business",
      "id": "6283115130958",
      "date": "10 Februari 2024",
      "xp": 452,
      "level": 1,
      "hit": 0,
      "balance": 0,
      "limit": 15,
      "glimit": 20
    },
    {
      "name": "DEYU BOT",
      "id": "6289685398957",
      "date": "10 Februari 2024",
      "xp": 337,
      "level": 1,
      "hit": 0,
      "balance": 0,
      "limit": 15,
      "glimit": 20
    },
    {
      "name": "Renn?aa",
      "id": "6288975990137",
      "date": "10 Februari 2024",
      "xp": 112,
      "level": 1,
      "hit": 0,
      "balance": 0,
      "limit": 15,
      "glimit": 20
    },
    {
      "name": "ꊰu꒝КᎩԾuu",
      "id": "6285861133021",
      "date": "10 Februari 2024",
      "xp": 112,
      "level": 1,
      "hit": 0,
      "balance": 0,
      "limit": 15,
      "glimit": 20
    },
    {
      "name": "SHiN BOT",
      "id": "6285249608347",
      "date": "10 Februari 2024",
      "xp": 51,
      "level": 1,
      "hit": 0,
      "balance": 0,
      "limit": 15,
      "glimit": 20
    },
    {
      "name": "GENBOT 2",
      "id": "62831973730882",
      "date": "10 Februari 2024",
      "xp": 55,
      "level": 1,
      "hit": 0,
      "balance": 0,
      "limit": 15,
      "glimit": 20
    },
    {
      "name": ".",
      "id": "6285892376460",
      "date": "10 Februari 2024",
      "xp": 108,
      "level": 1,
      "hit": 0,
      "balance": 0,
      "limit": 15,
      "glimit": 20
    },
    {
      "name": "Zuraa",
      "id": "62895333250301",
      "date": "10 Februari 2024",
      "xp": 803,
      "level": 1,
      "hit": 0,
      "balance": 0,
      "limit": 15,
      "glimit": 20
    },
    {
      "name": "Fr",
      "id": "6282284321009",
      "date": "10 Februari 2024",
      "xp": 102,
      "level": 1,
      "hit": 0,
      "balance": 0,
      "limit": 15,
      "glimit": 20
    },
    {
      "name": ".",
      "id": "6285934219575",
      "date": "10 Februari 2024",
      "xp": 393,
      "level": 2,
      "hit": 0,
      "balance": 0,
      "limit": 15,
      "glimit": 20
    },
    {
      "name": "K",
      "id": "6282123979807",
      "date": "10 Februari 2024",
      "xp": 380,
      "level": 1,
      "hit": 0,
      "balance": 0,
      "limit": 15,
      "glimit": 20
    },
    {
      "name": "Ytta",
      "id": "62889893610291",
      "date": "10 Februari 2024",
      "xp": 164,
      "level": 1,
      "hit": 0,
      "balance": 0,
      "limit": 15,
      "glimit": 20
    },
    {
      "name": "𝙺𝚢 ᴼᶠᶜ D̸̢̮̫̰̥̗̘̏͒̅̌e̷v͒̄",
      "id": "6283850212505",
      "date": "11 Februari 2024",
      "xp": 270,
      "level": 1,
      "hit": 0,
      "balance": 0,
      "limit": 15,
      "glimit": 20
    },
    {
      "name": "amb",
      "id": "628875170190",
      "date": "11 Februari 2024",
      "xp": 886,
      "level": 2,
      "hit": 0,
      "balance": 0,
      "limit": 15,
      "glimit": 20
    },
    {
      "name": "🐤TOB💀",
      "id": "6282242995870",
      "date": "11 Februari 2024",
      "xp": 318,
      "level": 1,
      "hit": 0,
      "balance": 0,
      "limit": 15,
      "glimit": 20
    },
    {
      "name": "Ry AjNugrh_",
      "id": "6281998462247",
      "date": "11 Februari 2024",
      "xp": 107,
      "level": 1,
      "hit": 0,
      "balance": 0,
      "limit": 15,
      "glimit": 20
    },
    {
      "name": "kyone",
      "id": "6288242714724",
      "date": "11 Februari 2024",
      "xp": 168,
      "level": 1,
      "hit": 0,
      "balance": 0,
      "limit": 15,
      "glimit": 20
    },
    {
      "name": "Lakshan",
      "id": "94726083178",
      "date": "11 Februari 2024",
      "xp": 54,
      "level": 1,
      "hit": 0,
      "balance": 0,
      "limit": 15,
      "glimit": 20
    },
    {
      "name": "Call Me Alter",
      "id": "6285708809510",
      "date": "11 Februari 2024",
      "xp": 215,
      "level": 1,
      "hit": 0,
      "balance": 0,
      "limit": 15,
      "glimit": 20
    },
    {
      "name": "Markus",
      "id": "6285705471037",
      "date": "11 Februari 2024",
      "xp": 444,
      "level": 1,
      "hit": 0,
      "balance": 0,
      "limit": 15,
      "glimit": 20
    },
    {
      "name": "~iya༛̥⃝🏳️",
      "id": "628881226236",
      "date": "11 Februari 2024",
      "xp": 58,
      "level": 1,
      "hit": 0,
      "balance": 0,
      "limit": 15,
      "glimit": 20
    },
    {
      "name": "MastiroXD",
      "id": "6288215204772",
      "date": "11 Februari 2024",
      "xp": 59,
      "level": 1,
      "hit": 0,
      "balance": 0,
      "limit": 15,
      "glimit": 20
    },
    {
      "name": "Jek Store",
      "id": "6285768385462",
      "date": "11 Februari 2024",
      "xp": 883,
      "level": 1,
      "hit": 0,
      "balance": 0,
      "limit": 15,
      "glimit": 20
    },
    {
      "name": "rindiaa",
      "id": "6282134311282",
      "date": "11 Februari 2024",
      "xp": 104,
      "level": 1,
      "hit": 0,
      "balance": 0,
      "limit": 15,
      "glimit": 20
    },
    {
      "name": "Botz Md",
      "id": "62895321079366",
      "date": "11 Februari 2024",
      "xp": 52,
      "level": 1,
      "hit": 0,
      "balance": 0,
      "limit": 15,
      "glimit": 20
    },
    {
      "name": "Just`Daxxa",
      "id": "6285860366593",
      "date": "11 Februari 2024",
      "xp": 172,
      "level": 1,
      "hit": 0,
      "balance": 0,
      "limit": 15,
      "glimit": 20
    },
    {
      "name": "ecaa",
      "id": "6288277526242",
      "date": "11 Februari 2024",
      "xp": 55,
      "level": 1,
      "hit": 0,
      "balance": 0,
      "limit": 15,
      "glimit": 20
    },
    {
      "name": "zein",
      "id": "62882002382439",
      "date": "11 Februari 2024",
      "xp": 59,
      "level": 1,
      "hit": 0,
      "balance": 0,
      "limit": 15,
      "glimit": 20
    },
    {
      "name": "Ariandi Ganz",
      "id": "6281378177101",
      "date": "11 Februari 2024",
      "xp": 428,
      "level": 1,
      "hit": 0,
      "balance": 0,
      "limit": 15,
      "glimit": 20
    },
    {
      "name": "NesiaBot",
      "id": "6285217094151",
      "date": "11 Februari 2024",
      "xp": 106,
      "level": 1,
      "hit": 0,
      "balance": 0,
      "limit": 15,
      "glimit": 20
    },
    {
      "name": "teletubis",
      "id": "6281345612208",
      "date": "11 Februari 2024",
      "xp": 114,
      "level": 1,
      "hit": 0,
      "balance": 0,
      "limit": 15,
      "glimit": 20
    },
    {
      "name": "IniArulll",
      "id": "6283110511968",
      "date": "11 Februari 2024",
      "xp": 110,
      "level": 1,
      "hit": 0,
      "balance": 0,
      "limit": 15,
      "glimit": 20
    },
    {
      "name": "Makhluk Hidup",
      "id": "6281212495048",
      "date": "11 Februari 2024",
      "xp": 58,
      "level": 1,
      "hit": 0,
      "balance": 0,
      "limit": 15,
      "glimit": 20
    }
  ],
  "toxic": [
    {
      "id": "62858611330211@s.whatsapp.net",
      "count": 2
    },
    {
      "id": "6288740017026@s.whatsapp.net",
      "count": 2
    },
    {
      "id": "6283850212505@s.whatsapp.net",
      "count": 2
    }
  ],
  "antispam": [],
  "dashboard": [
    {
      "cmd": "Tagwa",
      "succes": 1,
      "failed": 0
    },
    {
      "cmd": "Culik",
      "succes": 1,
      "failed": 0
    },
    {
      "cmd": "Bcgc",
      "succes": 1,
      "failed": 0
    },
    {
      "cmd": "Play",
      "succes": 4,
      "failed": 0
    },
    {
      "cmd": "Quotessad",
      "succes": 1,
      "failed": 0
    },
    {
      "cmd": "Terbalik",
      "succes": 1,
      "failed": 0
    },
    {
      "cmd": "Menu",
      "succes": 6,
      "failed": 0
    },
    {
      "cmd": "Allmenu",
      "succes": 2,
      "failed": 0
    },
    {
      "cmd": "Teskal",
      "succes": 1,
      "failed": 0
    },
    {
      "cmd": "Owner",
      "succes": 1,
      "failed": 0
    },
    {
      "cmd": "Ytmp3",
      "succes": 1,
      "failed": 0
    }
  ],
  "listerror": [
    {
      "error": "docType is not defined",
      "cmd": "setmenu"
    },
    {
      "error": "Response code 403 (Forbidden)",
      "cmd": "tt"
    },
    {
      "error": "createDataId is not defined",
      "cmd": "addowner"
    },
    {
      "error": "syt is not defined",
      "cmd": "ehz"
    },
    {
      "error": "rm is not defined",
      "cmd": "ehz"
    },
    {
      "error": "Cannot read properties of undefined (reading 'cmd')",
      "cmd": "menu"
    },
    {
      "error": "ENOENT: no such file or directory, open './media/reply.jpg'",
      "cmd": "totalfitur"
    },
    {
      "error": "conn.send5ButGif is not a function",
      "cmd": "menu"
    },
    {
      "error": "getRandomFile is not defined",
      "cmd": "tomp3"
    },
    {
      "error": "groupMetadata is not defined",
      "cmd": "sider"
    },
    {
      "error": "Cannot derive from empty media key",
      "cmd": "tourl"
    },
    {
      "error": "Level data must be a number, received undefined!",
      "cmd": "me"
    },
    {
      "error": "ehz is not defined",
      "cmd": "menfes"
    },
    {
      "error": "The \"path\" argument must be of type string or an instance of Buffer or URL. Received undefined",
      "cmd": "emojimix"
    },
    {
      "error": "antiSticker is not defined",
      "cmd": "banstik"
    },
    {
      "error": "Cannot read properties of undefined (reading 'toLocaleString')",
      "cmd": "ceklimit"
    },
    {
      "error": "invalid json response body at https://api.betabotz.org/api/random/dare?apikey=2fbgCgOB reason: Unexpected token < in JSON at position 0",
      "cmd": "dare"
    }
  ],
  "sticker": {
    "P": {
      "name": "P",
      "id": "LRTXWmTzRpixJCnElaJW",
      "size": "7 KB",
      "link": "https://cdn.filestackcontent.com/LRTXWmTzRpixJCnElaJW"
    },
    "pp": {
      "name": "pp",
      "id": "t5ARyIAoRdORFttWxTgt",
      "size": "7 KB",
      "link": "https://cdn.filestackcontent.com/t5ARyIAoRdORFttWxTgt"
    },
    "p": {
      "name": "p",
      "id": "BWNc2sJQqGLAUUV0FhrK",
      "size": "7 KB",
      "link": "https://cdn.filestackcontent.com/BWNc2sJQqGLAUUV0FhrK"
    }
  },
  "audio": {
    ".quotessad": {
      "name": ".quotessad",
      "id": "t89um1eCTXCxWrE562CG",
      "size": "723.8 KB",
      "link": "https://cdn.filestackcontent.com/t89um1eCTXCxWrE562CG"
    }
  },
  "hittoday": [
    {
      "id": "run",
      "expired": 1707753980771,
      "totalcmd": 24
    }
  ],
  "clearchat": [],
  "users": {
    "6281316643491@s.whatsapp.net": {
      "name": "`-єнαηz",
      "id": "6281316643491",
      "date": "29 Januari 2024",
      "exp": 100,
      "level": 1,
      "hit": 30,
      "balance": 1500,
      "limit": 13,
      "glimit": 20,
      "serial": "SBUO",
      "lastclaim": 0,
      "afk": -1,
      "pc": 1707581785357,
      "grade": "Newbie",
      "autolevelup": false,
      "afkReason": ""
    },
    "6283811806961@s.whatsapp.net": {
      "name": "A",
      "id": "6283811806961",
      "date": "29 Januari 2024",
      "exp": 100,
      "level": 1,
      "hit": 32,
      "balance": 5978,
      "limit": 15,
      "glimit": 20,
      "serial": "QRSQ",
      "lastclaim": 0,
      "afk": -1,
      "pc": 0,
      "grade": "Newbie",
      "autolevelup": false,
      "afkReason": ""
    },
    "6287730408365@s.whatsapp.net": {
      "name": "Xzii",
      "id": "6287730408365",
      "date": "29 Januari 2024",
      "exp": 100,
      "level": 1,
      "hit": 3,
      "balance": 1500,
      "limit": 15,
      "glimit": 20,
      "serial": "SIX0",
      "lastclaim": 0,
      "afk": -1,
      "pc": 0,
      "grade": "Newbie",
      "autolevelup": false,
      "afkReason": ""
    },
    "6287764241370@s.whatsapp.net": {
      "name": "Istri Gojo ╥﹏╥",
      "id": "6287764241370",
      "date": "29 Januari 2024",
      "exp": 100,
      "level": 1,
      "hit": 15,
      "balance": 1500,
      "limit": 3,
      "glimit": 20,
      "serial": "G25D",
      "lastclaim": 0,
      "afk": -1,
      "pc": 0,
      "grade": "Newbie",
      "autolevelup": false,
      "afkReason": ""
    },
    "6285882131675@s.whatsapp.net": {
      "name": "𝓐𝓶𝓮𝓵𝓲𝓪𝓪",
      "id": "6285882131675",
      "date": "29 Januari 2024",
      "exp": 100,
      "level": 1,
      "hit": 2,
      "balance": 1500,
      "limit": 14,
      "glimit": 20,
      "serial": "JCPF",
      "lastclaim": 0,
      "afk": -1,
      "pc": 1706753495637,
      "grade": "Newbie",
      "autolevelup": false,
      "afkReason": ""
    },
    "6289531041593@s.whatsapp.net": {
      "name": "⠀ ⠀ ⠀ ⠀ ⠀ ⠀ ⠀",
      "id": "6289531041593",
      "date": "29 Januari 2024",
      "exp": 100,
      "level": 1,
      "hit": 5,
      "balance": 1500,
      "limit": 13,
      "glimit": 20,
      "serial": "F0MS",
      "lastclaim": 0,
      "afk": -1,
      "pc": 0,
      "grade": "Newbie",
      "autolevelup": false,
      "afkReason": ""
    },
    "62858611330211@s.whatsapp.net": {
      "name": "ʀαηgєʟ вσт ᵕ̈ᝰ",
      "id": "62858611330211",
      "date": "29 Januari 2024",
      "exp": 100,
      "level": 1,
      "hit": 172,
      "balance": 30437,
      "limit": -4,
      "glimit": 20,
      "serial": "CM8R",
      "lastclaim": 0,
      "afk": -1,
      "pc": 1707612711595,
      "grade": "Newbie",
      "autolevelup": false,
      "afkReason": ""
    },
    "6285624530538@s.whatsapp.net": {
      "name": "r for riyzz",
      "id": "6285624530538",
      "date": "1 Februari 2024",
      "exp": 100,
      "level": 1,
      "hit": 4,
      "balance": 1500,
      "limit": 15,
      "glimit": 20,
      "serial": "XWNE",
      "lastclaim": 0,
      "afk": -1,
      "pc": 1706753776356,
      "grade": "Newbie",
      "autolevelup": false,
      "afkReason": ""
    },
    "62858801507618@s.whatsapp.net": {
      "name": ".",
      "id": "62858801507618",
      "date": "1 Februari 2024",
      "exp": 100,
      "level": 1,
      "hit": 1,
      "balance": 1500,
      "limit": 15,
      "glimit": 20,
      "serial": "SCZJ",
      "lastclaim": 0,
      "afk": -1,
      "pc": 0,
      "grade": "Newbie",
      "autolevelup": false
    },
    "6283866936044@s.whatsapp.net": {
      "name": "ZIXO",
      "id": "6283866936044",
      "date": "1 Februari 2024",
      "exp": 100,
      "level": 1,
      "hit": 1,
      "balance": 1500,
      "limit": 15,
      "glimit": 20,
      "serial": "TMFI",
      "lastclaim": 0,
      "afk": -1,
      "pc": 1706755162114,
      "grade": "Newbie",
      "autolevelup": false
    },
    "6285855062093@s.whatsapp.net": {
      "name": "Alena Alexandra",
      "id": "6285855062093",
      "date": "1 Februari 2024",
      "exp": 100,
      "level": 1,
      "hit": 3,
      "balance": 1500,
      "limit": 15,
      "glimit": 20,
      "serial": "Z2JK",
      "lastclaim": 0,
      "afk": -1,
      "pc": 0,
      "grade": "Newbie",
      "autolevelup": false,
      "afkReason": ""
    },
    "6283128694010@s.whatsapp.net": {
      "name": ".",
      "id": "6283128694010",
      "date": "1 Februari 2024",
      "exp": 100,
      "level": 1,
      "hit": 14,
      "balance": 12500,
      "limit": 15,
      "glimit": 7,
      "serial": "C3RO",
      "lastclaim": 0,
      "afk": -1,
      "pc": 0,
      "grade": "Newbie",
      "autolevelup": false,
      "afkReason": ""
    },
    "6282182201407@s.whatsapp.net": {
      "name": "*",
      "id": "6282182201407",
      "date": "1 Februari 2024",
      "exp": 100,
      "level": 1,
      "hit": 2,
      "balance": 1500,
      "limit": 15,
      "glimit": 20,
      "serial": "U3YH",
      "lastclaim": 0,
      "afk": -1,
      "pc": 0,
      "grade": "Newbie",
      "autolevelup": false,
      "afkReason": ""
    },
    "6289525340368@s.whatsapp.net": {
      "name": "Aria",
      "id": "6289525340368",
      "date": "1 Februari 2024",
      "exp": 100,
      "level": 1,
      "hit": 4,
      "balance": 1500,
      "limit": 15,
      "glimit": 20,
      "serial": "HADM",
      "lastclaim": 0,
      "afk": -1,
      "pc": 0,
      "grade": "Newbie",
      "autolevelup": false,
      "afkReason": ""
    },
    "6283830407458@s.whatsapp.net": {
      "name": "Ara",
      "id": "6283830407458",
      "date": "1 Februari 2024",
      "exp": 100,
      "level": 1,
      "hit": 28,
      "balance": 5889,
      "limit": 12,
      "glimit": 20,
      "serial": "WGMW",
      "lastclaim": 0,
      "afk": -1,
      "pc": 1707581556380,
      "grade": "Newbie",
      "autolevelup": false,
      "afkReason": ""
    },
    "6282317818789@s.whatsapp.net": {
      "name": "Dhann",
      "id": "6282317818789",
      "date": "1 Februari 2024",
      "exp": 100,
      "level": 1,
      "hit": 0,
      "balance": 1500,
      "limit": 15,
      "glimit": 20,
      "serial": "FMWN",
      "lastclaim": 0,
      "afk": -1,
      "pc": 0,
      "grade": "Newbie",
      "autolevelup": false,
      "afkReason": ""
    },
    "6285640508730@s.whatsapp.net": {
      "name": "Deaa",
      "id": "6285640508730",
      "date": "1 Februari 2024",
      "exp": 100,
      "level": 1,
      "hit": 9,
      "balance": 1500,
      "limit": 15,
      "glimit": 20,
      "serial": "UVJA",
      "lastclaim": 0,
      "afk": -1,
      "pc": 0,
      "grade": "Newbie",
      "autolevelup": false,
      "afkReason": ""
    },
    "6285811679363@s.whatsapp.net": {
      "name": "Fachri",
      "id": "6285811679363",
      "date": "2 Februari 2024",
      "exp": 100,
      "level": 1,
      "hit": 1,
      "balance": 1500,
      "limit": 15,
      "glimit": 20,
      "serial": "GNAL",
      "lastclaim": 0,
      "afk": -1,
      "pc": 0,
      "grade": "Newbie",
      "autolevelup": false
    },
    "62895626241717@s.whatsapp.net": {
      "name": "Don't Stay Away",
      "id": "62895626241717",
      "date": "2 Februari 2024",
      "exp": 100,
      "level": 1,
      "hit": 7,
      "balance": 1500,
      "limit": 13,
      "glimit": 20,
      "serial": "Z6IL",
      "lastclaim": 0,
      "afk": -1,
      "pc": 1706896807338,
      "grade": "Newbie",
      "autolevelup": false,
      "afkReason": ""
    },
    "6287720403858@s.whatsapp.net": {
      "name": "Ekal",
      "id": "6287720403858",
      "date": "2 Februari 2024",
      "exp": 100,
      "level": 1,
      "hit": 2,
      "balance": 1500,
      "limit": 15,
      "glimit": 20,
      "serial": "J2DX",
      "lastclaim": 0,
      "afk": -1,
      "pc": 1706903474839,
      "grade": "Newbie",
      "autolevelup": false,
      "afkReason": ""
    },
    "62895615063060@s.whatsapp.net": {
      "name": "Syahrial",
      "id": "62895615063060",
      "date": "2 Februari 2024",
      "exp": 100,
      "level": 1,
      "hit": 2,
      "balance": 1500,
      "limit": 15,
      "glimit": 20,
      "serial": "DPVV",
      "lastclaim": 0,
      "afk": -1,
      "pc": 0,
      "grade": "Newbie",
      "autolevelup": false,
      "afkReason": ""
    },
    "6287872623056@s.whatsapp.net": {
      "name": "IkyyKunn",
      "id": "6287872623056",
      "date": "2 Februari 2024",
      "exp": 100,
      "level": 1,
      "hit": 1,
      "balance": 1500,
      "limit": 15,
      "glimit": 20,
      "serial": "9WKL",
      "lastclaim": 0,
      "afk": -1,
      "pc": 1706927655224,
      "grade": "Newbie",
      "autolevelup": false
    },
    "628385806643@s.whatsapp.net": {
      "name": "Pangeran👑",
      "id": "628385806643",
      "date": "2 Februari 2024",
      "exp": 100,
      "level": 1,
      "hit": 1,
      "balance": 1500,
      "limit": 15,
      "glimit": 20,
      "serial": "SXXM",
      "lastclaim": 0,
      "afk": -1,
      "pc": 0,
      "grade": "Newbie",
      "autolevelup": false
    },
    "6285865783045@s.whatsapp.net": {
      "name": "King Vàrnútt.",
      "id": "6285865783045",
      "date": "2 Februari 2024",
      "exp": 100,
      "level": 1,
      "hit": 3,
      "balance": 1500,
      "limit": 13,
      "glimit": 20,
      "serial": "S874",
      "lastclaim": 0,
      "afk": -1,
      "pc": 0,
      "grade": "Newbie",
      "autolevelup": false,
      "afkReason": ""
    },
    "6281775441660@s.whatsapp.net": {
      "name": "Royhan",
      "id": "6281775441660",
      "date": "2 Februari 2024",
      "exp": 100,
      "level": 1,
      "hit": 3,
      "balance": 1500,
      "limit": 15,
      "glimit": 20,
      "serial": "7KUF",
      "lastclaim": 0,
      "afk": -1,
      "pc": 1706915948032,
      "grade": "Newbie",
      "autolevelup": false,
      "afkReason": ""
    },
    "62838768923311@s.whatsapp.net": {
      "name": "Firdaus",
      "id": "62838768923311",
      "date": "2 Februari 2024",
      "exp": 100,
      "level": 1,
      "hit": 8,
      "balance": 1500,
      "limit": 15,
      "glimit": 20,
      "serial": "XLEX",
      "lastclaim": 0,
      "afk": -1,
      "pc": 1706917738356,
      "grade": "Newbie",
      "autolevelup": false,
      "afkReason": ""
    },
    "62882016093815@s.whatsapp.net": {
      "name": "Anda",
      "id": "62882016093815",
      "date": "2 Februari 2024",
      "exp": 100,
      "level": 1,
      "hit": 1,
      "balance": 1500,
      "limit": 15,
      "glimit": 20,
      "serial": "QAOG",
      "lastclaim": 0,
      "afk": -1,
      "pc": 0,
      "grade": "Newbie",
      "autolevelup": false
    },
    "62882002016341@s.whatsapp.net": {
      "name": ".",
      "id": "62882002016341",
      "date": "3 Februari 2024",
      "exp": 100,
      "level": 1,
      "hit": 5,
      "balance": 1500,
      "limit": 15,
      "glimit": 20,
      "serial": "75RL",
      "lastclaim": 0,
      "afk": -1,
      "pc": 1706929174491,
      "grade": "Newbie",
      "autolevelup": false,
      "afkReason": ""
    },
    "6285249680121@s.whatsapp.net": {
      "name": "¿Unknown Name? ¿Hayden¿",
      "id": "6285249680121",
      "date": "3 Februari 2024",
      "exp": 100,
      "level": 1,
      "hit": 1,
      "balance": 1000,
      "limit": 30,
      "glimit": 30,
      "serial": "J1YR",
      "lastclaim": 0,
      "afk": -1,
      "pc": 0,
      "grade": "Newbie",
      "autolevelup": false
    },
    "6281911294070@s.whatsapp.net": {
      "name": "Just call me Cindi ❤",
      "id": "6281911294070",
      "date": "3 Februari 2024",
      "exp": 100,
      "level": 1,
      "hit": 2,
      "balance": 1000,
      "limit": 30,
      "glimit": 30,
      "serial": "RJXP",
      "lastclaim": 0,
      "afk": -1,
      "pc": 0,
      "grade": "Newbie",
      "autolevelup": false,
      "afkReason": ""
    },
    "6283893560348@s.whatsapp.net": {
      "name": "Yoo",
      "id": "6283893560348",
      "date": "3 Februari 2024",
      "exp": 100,
      "level": 1,
      "hit": 4,
      "balance": 1000,
      "limit": 30,
      "glimit": 30,
      "serial": "KGAK",
      "lastclaim": 0,
      "afk": -1,
      "pc": 0,
      "grade": "Newbie",
      "autolevelup": false,
      "afkReason": ""
    },
    "6289627784981@s.whatsapp.net": {
      "name": "Asyira",
      "id": "6289627784981",
      "date": "3 Februari 2024",
      "exp": 100,
      "level": 1,
      "hit": 1,
      "balance": 1000,
      "limit": 30,
      "glimit": 30,
      "serial": "610I",
      "lastclaim": 0,
      "afk": -1,
      "pc": 0,
      "grade": "Newbie",
      "autolevelup": false
    },
    "6285601637355@s.whatsapp.net": {
      "name": "https://",
      "id": "6285601637355",
      "date": "3 Februari 2024",
      "exp": 100,
      "level": 1,
      "hit": 1,
      "balance": 1000,
      "limit": 30,
      "glimit": 30,
      "serial": "OCWJ",
      "lastclaim": 0,
      "afk": -1,
      "pc": 0,
      "grade": "Newbie",
      "autolevelup": false
    },
    "6289508163603@s.whatsapp.net": {
      "name": "~Rey",
      "id": "6289508163603",
      "date": "3 Februari 2024",
      "exp": 100,
      "level": 1,
      "hit": 1,
      "balance": 1000,
      "limit": 30,
      "glimit": 30,
      "serial": "MXL8",
      "lastclaim": 0,
      "afk": -1,
      "pc": 0,
      "grade": "Newbie",
      "autolevelup": false
    },
    "6287864568965@s.whatsapp.net": {
      "name": "diiiiiii",
      "id": "6287864568965",
      "date": "3 Februari 2024",
      "exp": 100,
      "level": 1,
      "hit": 1,
      "balance": 1000,
      "limit": 29,
      "glimit": 30,
      "serial": "QAGK",
      "lastclaim": 0,
      "afk": -1,
      "pc": 0,
      "grade": "Newbie",
      "autolevelup": false
    },
    "6287890501807@s.whatsapp.net": {
      "name": "Akun Mati",
      "id": "6287890501807",
      "date": "3 Februari 2024",
      "exp": 100,
      "level": 1,
      "hit": 0,
      "balance": 1500,
      "limit": 15,
      "glimit": 20,
      "serial": "VO5Q",
      "lastclaim": 0,
      "afk": -1,
      "pc": 0,
      "grade": "Newbie",
      "autolevelup": false,
      "afkReason": ""
    },
    "6285255673524@s.whatsapp.net": {
      "name": "!key",
      "id": "6285255673524",
      "date": "3 Februari 2024",
      "exp": 100,
      "level": 1,
      "hit": 3,
      "balance": 1500,
      "limit": 15,
      "glimit": 20,
      "serial": "A1PO",
      "lastclaim": 0,
      "afk": -1,
      "pc": 0,
      "grade": "Newbie",
      "autolevelup": false,
      "afkReason": ""
    },
    "6285218248533@s.whatsapp.net": {
      "name": "Raftix",
      "id": "6285218248533",
      "date": "3 Februari 2024",
      "exp": 100,
      "level": 1,
      "hit": 1,
      "balance": 1000,
      "limit": 30,
      "glimit": 30,
      "serial": "OWLL",
      "lastclaim": 0,
      "afk": -1,
      "pc": 0,
      "grade": "Newbie",
      "autolevelup": false
    },
    "6281717297774@s.whatsapp.net": {
      "name": "イケメンエージェント",
      "id": "6281717297774",
      "date": "9 Februari 2024",
      "exp": 100,
      "level": 1,
      "hit": 1,
      "balance": 1000,
      "limit": 30,
      "glimit": 30,
      "serial": "HE2R",
      "lastclaim": 0,
      "afk": -1,
      "pc": 0,
      "grade": "Newbie",
      "autolevelup": false
    },
    "62881012075310@s.whatsapp.net": {
      "name": "joxzy kang jasteb",
      "id": "62881012075310",
      "date": "10 Februari 2024",
      "exp": 100,
      "level": 1,
      "hit": 1,
      "balance": 1000,
      "limit": 30,
      "glimit": 30,
      "serial": "CIET",
      "lastclaim": 0,
      "afk": -1,
      "pc": 0,
      "grade": "Newbie",
      "autolevelup": false
    },
    "6285787258718@s.whatsapp.net": {
      "name": "Rizky A.F",
      "id": "6285787258718",
      "date": "10 Februari 2024",
      "exp": 100,
      "level": 1,
      "hit": 4,
      "balance": 1000,
      "limit": 30,
      "glimit": 30,
      "serial": "BHEY",
      "lastclaim": 0,
      "afk": 1707610372608,
      "pc": 0,
      "grade": "Newbie",
      "autolevelup": false,
      "afkReason": "jkhgij"
    },
    "6283863411892@s.whatsapp.net": {
      "name": "van",
      "id": "6283863411892",
      "date": "10 Februari 2024",
      "exp": 100,
      "level": 1,
      "hit": 2,
      "balance": 1000,
      "limit": 30,
      "glimit": 30,
      "serial": "8PFQ",
      "lastclaim": 0,
      "afk": -1,
      "pc": 0,
      "grade": "Newbie",
      "autolevelup": false,
      "afkReason": ""
    },
    "6283115130958@s.whatsapp.net": {
      "name": "Rayhan Business",
      "id": "6283115130958",
      "date": "10 Februari 2024",
      "exp": 100,
      "level": 1,
      "hit": 8,
      "balance": 1000,
      "limit": 29,
      "glimit": 30,
      "serial": "LGGV",
      "lastclaim": 0,
      "afk": -1,
      "pc": 0,
      "grade": "Newbie",
      "autolevelup": false,
      "afkReason": ""
    },
    "6283875166486@s.whatsapp.net": {
      "name": "MASHLE Template Creator`",
      "id": "6283875166486",
      "date": "10 Februari 2024",
      "exp": 100,
      "level": 1,
      "hit": 0,
      "balance": 1500,
      "limit": 15,
      "glimit": 20,
      "serial": "MQZU",
      "lastclaim": 0,
      "afk": -1,
      "pc": 0,
      "grade": "Newbie",
      "autolevelup": false,
      "afkReason": ""
    },
    "6289685398957@s.whatsapp.net": {
      "name": "DEYU BOT",
      "id": "6289685398957",
      "date": "10 Februari 2024",
      "exp": 100,
      "level": 1,
      "hit": 6,
      "balance": 1000,
      "limit": 30,
      "glimit": 30,
      "serial": "YKRS",
      "lastclaim": 0,
      "afk": -1,
      "pc": 1707579076659,
      "grade": "Newbie",
      "autolevelup": false,
      "afkReason": ""
    },
    "6288975990137@s.whatsapp.net": {
      "name": "Renn?aa",
      "id": "6288975990137",
      "date": "10 Februari 2024",
      "exp": 100,
      "level": 1,
      "hit": 2,
      "balance": 1000,
      "limit": 28,
      "glimit": 30,
      "serial": "KVRJ",
      "lastclaim": 0,
      "afk": -1,
      "pc": 0,
      "grade": "Newbie",
      "autolevelup": false,
      "afkReason": ""
    },
    "6285861133021@s.whatsapp.net": {
      "name": "ꊰu꒝КᎩԾuu",
      "id": "6285861133021",
      "date": "10 Februari 2024",
      "exp": 100,
      "level": 1,
      "hit": 2,
      "balance": 1000,
      "limit": 28,
      "glimit": 30,
      "serial": "BAQT",
      "lastclaim": 0,
      "afk": -1,
      "pc": 0,
      "grade": "Newbie",
      "autolevelup": false,
      "afkReason": ""
    },
    "6283103200459@s.whatsapp.net": {
      "name": "Nara",
      "id": "6283103200459",
      "date": "10 Februari 2024",
      "exp": 100,
      "level": 1,
      "hit": 0,
      "balance": 1500,
      "limit": 15,
      "glimit": 20,
      "serial": "XUZ2",
      "lastclaim": 0,
      "afk": -1,
      "pc": 0,
      "grade": "Newbie",
      "autolevelup": false,
      "afkReason": ""
    },
    "6285748641379@s.whatsapp.net": {
      "name": "Yogiri Takatou AΩ",
      "id": "6285748641379",
      "date": "10 Februari 2024",
      "exp": 100,
      "level": 1,
      "hit": 0,
      "balance": 1500,
      "limit": 15,
      "glimit": 20,
      "serial": "PPCW",
      "lastclaim": 0,
      "afk": -1,
      "pc": 0,
      "grade": "Newbie",
      "autolevelup": false,
      "afkReason": ""
    },
    "6285249608347@s.whatsapp.net": {
      "name": "SHiN BOT",
      "id": "6285249608347",
      "date": "10 Februari 2024",
      "exp": 100,
      "level": 1,
      "hit": 1,
      "balance": 1000,
      "limit": 30,
      "glimit": 30,
      "serial": "BG13",
      "lastclaim": 0,
      "afk": -1,
      "pc": 0,
      "grade": "Newbie",
      "autolevelup": false
    },
    "62831973730882@s.whatsapp.net": {
      "name": "GENBOT 2",
      "id": "62831973730882",
      "date": "10 Februari 2024",
      "exp": 100,
      "level": 1,
      "hit": 1,
      "balance": 1000,
      "limit": 30,
      "glimit": 30,
      "serial": "QDZV",
      "lastclaim": 0,
      "afk": -1,
      "pc": 0,
      "grade": "Newbie",
      "autolevelup": false
    },
    "6285892376460@s.whatsapp.net": {
      "name": ".",
      "id": "6285892376460",
      "date": "10 Februari 2024",
      "exp": 100,
      "level": 1,
      "hit": 2,
      "balance": 1000,
      "limit": 30,
      "glimit": 30,
      "serial": "IYLS",
      "lastclaim": 0,
      "afk": -1,
      "pc": 0,
      "grade": "Newbie",
      "autolevelup": false,
      "afkReason": ""
    },
    "62895333250301@s.whatsapp.net": {
      "name": "Zuraa",
      "id": "62895333250301",
      "date": "10 Februari 2024",
      "exp": 100,
      "level": 1,
      "hit": 15,
      "balance": 1000,
      "limit": 30,
      "glimit": 30,
      "serial": "8GQO",
      "lastclaim": 0,
      "afk": -1,
      "pc": 0,
      "grade": "Newbie",
      "autolevelup": false,
      "afkReason": ""
    },
    "6282284321009@s.whatsapp.net": {
      "name": "Fr",
      "id": "6282284321009",
      "date": "10 Februari 2024",
      "exp": 100,
      "level": 1,
      "hit": 2,
      "balance": 1000,
      "limit": 30,
      "glimit": 30,
      "serial": "X3NN",
      "lastclaim": 0,
      "afk": -1,
      "pc": 0,
      "grade": "Newbie",
      "autolevelup": false,
      "afkReason": ""
    },
    "6285934219575@s.whatsapp.net": {
      "name": ".",
      "id": "6285934219575",
      "date": "10 Februari 2024",
      "exp": 100,
      "level": 1,
      "hit": 24,
      "balance": 7864,
      "limit": 30,
      "glimit": 30,
      "serial": "BOUM",
      "lastclaim": 0,
      "afk": -1,
      "pc": 1707609771741,
      "grade": "Newbie",
      "autolevelup": false,
      "afkReason": ""
    },
    "6282123979807@s.whatsapp.net": {
      "name": "K",
      "id": "6282123979807",
      "date": "10 Februari 2024",
      "exp": 100,
      "level": 1,
      "hit": 7,
      "balance": 1000,
      "limit": 30,
      "glimit": 30,
      "serial": "VXGK",
      "lastclaim": 0,
      "afk": -1,
      "pc": 0,
      "grade": "Newbie",
      "autolevelup": false,
      "afkReason": ""
    },
    "62889893610291@s.whatsapp.net": {
      "name": "Ytta",
      "id": "62889893610291",
      "date": "10 Februari 2024",
      "exp": 100,
      "level": 1,
      "hit": 3,
      "balance": 1000,
      "limit": 30,
      "glimit": 30,
      "serial": "6K37",
      "lastclaim": 0,
      "afk": -1,
      "pc": 1707610954187,
      "grade": "Newbie",
      "autolevelup": false,
      "afkReason": ""
    },
    "6283850212505@s.whatsapp.net": {
      "name": "𝙺𝚢 ᴼᶠᶜ D̸̢̮̫̰̥̗̘̏͒̅̌e̷v͒̄",
      "id": "6283850212505",
      "date": "11 Februari 2024",
      "exp": 100,
      "level": 1,
      "hit": 5,
      "balance": 1000,
      "limit": 30,
      "glimit": 30,
      "serial": "J2TB",
      "lastclaim": 0,
      "afk": -1,
      "pc": 0,
      "grade": "Newbie",
      "autolevelup": false,
      "afkReason": ""
    },
    "628875170190@s.whatsapp.net": {
      "name": "amb",
      "id": "628875170190",
      "date": "11 Februari 2024",
      "exp": 100,
      "level": 1,
      "hit": 34,
      "balance": 9886,
      "limit": 24,
      "glimit": 30,
      "serial": "E1T1",
      "lastclaim": 0,
      "afk": -1,
      "pc": 0,
      "grade": "Newbie",
      "autolevelup": false,
      "afkReason": ""
    },
    "6282242995870@s.whatsapp.net": {
      "name": "🐤TOB💀",
      "id": "6282242995870",
      "date": "11 Februari 2024",
      "exp": 100,
      "level": 1,
      "hit": 5,
      "balance": 1000,
      "limit": 30,
      "glimit": 29,
      "serial": "48R5",
      "lastclaim": 0,
      "afk": -1,
      "pc": 1707612712637,
      "grade": "Newbie",
      "autolevelup": false,
      "afkReason": ""
    },
    "6281998462247@s.whatsapp.net": {
      "name": "Ry AjNugrh_",
      "id": "6281998462247",
      "date": "11 Februari 2024",
      "exp": 100,
      "level": 1,
      "hit": 2,
      "balance": 1000,
      "limit": 29,
      "glimit": 30,
      "serial": "JVXL",
      "lastclaim": 0,
      "afk": -1,
      "pc": 0,
      "grade": "Newbie",
      "autolevelup": false,
      "afkReason": ""
    },
    "6288242714724@s.whatsapp.net": {
      "name": "kyone",
      "id": "6288242714724",
      "date": "11 Februari 2024",
      "exp": 100,
      "level": 1,
      "hit": 3,
      "balance": 1000,
      "limit": 30,
      "glimit": 30,
      "serial": "NZEW",
      "lastclaim": 0,
      "afk": -1,
      "pc": 1707614736524,
      "grade": "Newbie",
      "autolevelup": false,
      "afkReason": ""
    },
    "94726083178@s.whatsapp.net": {
      "name": "Lakshan",
      "id": "94726083178",
      "date": "11 Februari 2024",
      "exp": 100,
      "level": 1,
      "hit": 1,
      "balance": 1000,
      "limit": 30,
      "glimit": 30,
      "serial": "GSAG",
      "lastclaim": 0,
      "afk": -1,
      "pc": 0,
      "grade": "Newbie",
      "autolevelup": false
    },
    "6285708809510@s.whatsapp.net": {
      "name": "Call Me Alter",
      "id": "6285708809510",
      "date": "11 Februari 2024",
      "exp": 100,
      "level": 1,
      "hit": 4,
      "balance": 1000,
      "limit": 30,
      "glimit": 30,
      "serial": "G1GF",
      "lastclaim": 0,
      "afk": -1,
      "pc": 0,
      "grade": "Newbie",
      "autolevelup": false,
      "afkReason": ""
    },
    "6285705471037@s.whatsapp.net": {
      "name": "Markus",
      "id": "6285705471037",
      "date": "11 Februari 2024",
      "exp": 100,
      "level": 1,
      "hit": 8,
      "balance": 1000,
      "limit": 30,
      "glimit": 30,
      "serial": "V9PP",
      "lastclaim": 0,
      "afk": -1,
      "pc": 0,
      "grade": "Newbie",
      "autolevelup": false,
      "afkReason": ""
    },
    "628881226236@s.whatsapp.net": {
      "name": "~iya༛̥⃝🏳️",
      "id": "628881226236",
      "date": "11 Februari 2024",
      "exp": 100,
      "level": 1,
      "hit": 1,
      "balance": 1000,
      "limit": 29,
      "glimit": 30,
      "serial": "VMKH",
      "lastclaim": 0,
      "afk": -1,
      "pc": 0,
      "grade": "Newbie",
      "autolevelup": false
    },
    "6288215204772@s.whatsapp.net": {
      "name": "MastiroXD",
      "id": "6288215204772",
      "date": "11 Februari 2024",
      "exp": 100,
      "level": 1,
      "hit": 1,
      "balance": 1000,
      "limit": 30,
      "glimit": 30,
      "serial": "LQM9",
      "lastclaim": 0,
      "afk": -1,
      "pc": 0,
      "grade": "Newbie",
      "autolevelup": false
    },
    "6285768385462@s.whatsapp.net": {
      "name": "Jek Store",
      "id": "6285768385462",
      "date": "11 Februari 2024",
      "exp": 100,
      "level": 1,
      "hit": 13,
      "balance": 1000,
      "limit": 30,
      "glimit": 30,
      "serial": "IXIB",
      "lastclaim": 0,
      "afk": -1,
      "pc": 0,
      "grade": "Newbie",
      "autolevelup": false,
      "afkReason": ""
    },
    "6282134311282@s.whatsapp.net": {
      "name": "rindiaa",
      "id": "6282134311282",
      "date": "11 Februari 2024",
      "exp": 100,
      "level": 1,
      "hit": 2,
      "balance": 1000,
      "limit": 30,
      "glimit": 30,
      "serial": "AT9C",
      "lastclaim": 0,
      "afk": -1,
      "pc": 0,
      "grade": "Newbie",
      "autolevelup": false,
      "afkReason": ""
    },
    "62895321079366@s.whatsapp.net": {
      "name": "Botz Md",
      "id": "62895321079366",
      "date": "11 Februari 2024",
      "exp": 100,
      "level": 1,
      "hit": 1,
      "balance": 1000,
      "limit": 30,
      "glimit": 30,
      "serial": "9YGM",
      "lastclaim": 0,
      "afk": -1,
      "pc": 0,
      "grade": "Newbie",
      "autolevelup": false
    },
    "6285860366593@s.whatsapp.net": {
      "name": "Just`Daxxa",
      "id": "6285860366593",
      "date": "11 Februari 2024",
      "exp": 100,
      "level": 1,
      "hit": 3,
      "balance": 1000,
      "limit": 30,
      "glimit": 30,
      "serial": "M4F4",
      "lastclaim": 0,
      "afk": -1,
      "pc": 0,
      "grade": "Newbie",
      "autolevelup": false,
      "afkReason": ""
    },
    "6288277526242@s.whatsapp.net": {
      "name": "ecaa",
      "id": "6288277526242",
      "date": "11 Februari 2024",
      "exp": 100,
      "level": 1,
      "hit": 1,
      "balance": 1000,
      "limit": 30,
      "glimit": 30,
      "serial": "JXUV",
      "lastclaim": 0,
      "afk": -1,
      "pc": 0,
      "grade": "Newbie",
      "autolevelup": false
    },
    "62882002382439@s.whatsapp.net": {
      "name": "zein",
      "id": "62882002382439",
      "date": "11 Februari 2024",
      "exp": 100,
      "level": 1,
      "hit": 1,
      "balance": 1000,
      "limit": 29,
      "glimit": 30,
      "serial": "BCYA",
      "lastclaim": 0,
      "afk": -1,
      "pc": 0,
      "grade": "Newbie",
      "autolevelup": false
    },
    "6281378177101@s.whatsapp.net": {
      "name": "Ariandi Ganz",
      "id": "6281378177101",
      "date": "11 Februari 2024",
      "exp": 100,
      "level": 1,
      "hit": 8,
      "balance": 1000,
      "limit": 30,
      "glimit": 30,
      "serial": "KNAR",
      "lastclaim": 0,
      "afk": -1,
      "pc": 0,
      "grade": "Newbie",
      "autolevelup": false,
      "afkReason": ""
    },
    "6285217094151@s.whatsapp.net": {
      "name": "NesiaBot",
      "id": "6285217094151",
      "date": "11 Februari 2024",
      "exp": 100,
      "level": 1,
      "hit": 2,
      "balance": 1000,
      "limit": 30,
      "glimit": 30,
      "serial": "FWCD",
      "lastclaim": 0,
      "afk": -1,
      "pc": 0,
      "grade": "Newbie",
      "autolevelup": false,
      "afkReason": ""
    },
    "6281345612208@s.whatsapp.net": {
      "name": "teletubis",
      "id": "6281345612208",
      "date": "11 Februari 2024",
      "exp": 100,
      "level": 1,
      "hit": 2,
      "balance": 1000,
      "limit": 30,
      "glimit": 30,
      "serial": "7JJO",
      "lastclaim": 0,
      "afk": -1,
      "pc": 0,
      "grade": "Newbie",
      "autolevelup": false,
      "afkReason": ""
    },
    "6283110511968@s.whatsapp.net": {
      "name": "IniArulll",
      "id": "6283110511968",
      "date": "11 Februari 2024",
      "exp": 100,
      "level": 1,
      "hit": 2,
      "balance": 1000,
      "limit": 30,
      "glimit": 30,
      "serial": "BHS8",
      "lastclaim": 0,
      "afk": -1,
      "pc": 0,
      "grade": "Newbie",
      "autolevelup": false,
      "afkReason": ""
    },
    "6281212495048@s.whatsapp.net": {
      "name": "Makhluk Hidup",
      "id": "6281212495048",
      "date": "11 Februari 2024",
      "exp": 100,
      "level": 1,
      "hit": 1,
      "balance": 1000,
      "limit": 30,
      "glimit": 30,
      "serial": "POEL",
      "lastclaim": 0,
      "afk": -1,
      "pc": 0,
      "grade": "Newbie",
      "autolevelup": false
    }
  },
  "chats": {
    "120363043097504225@g.us": {
      "name": "Replit",
      "add": 0,
      "welcome": true,
      "detect": true,
      "sWelcome": "",
      "sBye": "",
      "sPromote": "",
      "sDemote": "",
      "desc": true,
      "descUpdate": true,
      "autostiker": false,
      "antilink": false,
      "antilinkgc": true,
      "antidelete": false,
      "antiasing": false,
      "banchat": false,
      "expired": 0,
      "antibadword": false,
      "antitoxic": true,
      "antispam": true,
      "antitroli": false,
      "antivirtex": false,
      "antihidetag": false,
      "viewonce": true,
      "banned": true,
      "simi": false,
      "clear": false,
      "clearTime": 0,
      "stiker": false,
      "antiLink": true,
      "antiBadword": false,
      "promosi2": false
    },
    "120363162611448409@g.us": {
      "name": "🤖 𝘙𝘢𝘯𝘨𝘦𝘭 𝘉𝘰𝘵𝘻 || ㋡",
      "add": 0,
      "welcome": true,
      "detect": true,
      "sWelcome": "",
      "sBye": "",
      "sPromote": "",
      "sDemote": "",
      "desc": true,
      "descUpdate": true,
      "autostiker": false,
      "antilink": false,
      "antilinkgc": true,
      "antidelete": false,
      "antiasing": false,
      "banchat": false,
      "expired": 0,
      "antibadword": true,
      "antitoxic": true,
      "antispam": true,
      "antitroli": false,
      "antivirtex": false,
      "antihidetag": false,
      "viewonce": true,
      "banned": true,
      "simi": false,
      "clear": false,
      "clearTime": 0,
      "stiker": false,
      "antiLink": true,
      "antiBadword": true,
      "promosi2": false
    },
    "120363180007756496@g.us": {
      "name": [],
      "add": 0,
      "welcome": true,
      "detect": true,
      "sWelcome": "",
      "sBye": "",
      "sPromote": "",
      "sDemote": "",
      "desc": true,
      "descUpdate": true,
      "autostiker": false,
      "antilink": false,
      "antilinkgc": true,
      "antidelete": false,
      "antiasing": false,
      "banchat": false,
      "expired": 0,
      "antibadword": true,
      "antitoxic": true,
      "antispam": true,
      "antitroli": false,
      "antivirtex": false,
      "antihidetag": false,
      "viewonce": true,
      "banned": true,
      "simi": false,
      "clear": false,
      "clearTime": 0,
      "stiker": false,
      "antiLink": true,
      "antiBadword": true,
      "promosi2": false
    },
    "120363191129103322@g.us": {
      "name": "💕BONKAR  2024💕",
      "add": 0,
      "welcome": true,
      "detect": true,
      "sWelcome": "",
      "sBye": "",
      "sPromote": "",
      "sDemote": "",
      "desc": true,
      "descUpdate": true,
      "autostiker": false,
      "antilink": false,
      "antilinkgc": true,
      "antidelete": false,
      "antiasing": false,
      "banchat": false,
      "expired": 0,
      "antibadword": true,
      "antitoxic": true,
      "antispam": true,
      "antitroli": false,
      "antivirtex": false,
      "antihidetag": false,
      "viewonce": true,
      "banned": true,
      "simi": false,
      "clear": false,
      "clearTime": 0,
      "stiker": false,
      "antiLink": true,
      "antiBadword": true
    },
    "120363219022887866@g.us": {
      "name": "KOORDINASI PGM PACKING",
      "add": 0,
      "welcome": true,
      "detect": true,
      "sWelcome": "",
      "sBye": "",
      "sPromote": "",
      "sDemote": "",
      "desc": true,
      "descUpdate": true,
      "autostiker": false,
      "antilink": false,
      "antilinkgc": true,
      "antidelete": false,
      "antiasing": false,
      "banchat": false,
      "expired": 0,
      "antibadword": true,
      "antitoxic": true,
      "antispam": true,
      "antitroli": false,
      "antivirtex": false,
      "antihidetag": false,
      "viewonce": true,
      "banned": true,
      "simi": false,
      "clear": false,
      "clearTime": 0,
      "stiker": false,
      "antiLink": true,
      "antiBadword": true,
      "promosi2": false
    },
    "120363231633843080@g.us": {
      "name": "𝙏𝙝𝙚 𝙜𝙧𝙤𝙪𝙥 𝙞𝙨 𝙛𝙪𝙡𝙡 𝙤𝙛 𝙧𝙖𝙣𝙙𝙤𝙢 𝙥𝙚𝙤𝙥𝙡𝙚><",
      "add": 0,
      "welcome": true,
      "detect": true,
      "sWelcome": "",
      "sBye": "",
      "sPromote": "",
      "sDemote": "",
      "desc": true,
      "descUpdate": true,
      "autostiker": false,
      "antilink": false,
      "antilinkgc": true,
      "antidelete": false,
      "antiasing": false,
      "banchat": false,
      "expired": 0,
      "antibadword": true,
      "antitoxic": true,
      "antispam": true,
      "antitroli": false,
      "antivirtex": false,
      "antihidetag": false,
      "viewonce": true,
      "promosi2": true,
      "banned": true,
      "simi": false,
      "clear": false,
      "clearTime": 0,
      "stiker": false,
      "antiLink": true,
      "antiBadword": true
    },
    "120363162763447436@g.us": {
      "name": "𝙋𝙀𝙆𝘼 𝘿𝙊𝙉𝙂",
      "add": 0,
      "welcome": true,
      "detect": true,
      "sWelcome": "",
      "sBye": "",
      "sPromote": "",
      "sDemote": "",
      "desc": true,
      "descUpdate": true,
      "autostiker": false,
      "antilink": false,
      "antilinkgc": true,
      "antidelete": false,
      "antiasing": false,
      "banchat": false,
      "expired": 0,
      "antibadword": true,
      "antitoxic": true,
      "antispam": true,
      "antitroli": false,
      "antivirtex": false,
      "antihidetag": false,
      "viewonce": true,
      "promosi2": true,
      "banned": true,
      "simi": false,
      "clear": false,
      "clearTime": 0
    },
    "120363214507195746@g.us": {
      "name": "Grup terbengkalai",
      "add": 0,
      "welcome": true,
      "detect": true,
      "sWelcome": "",
      "sBye": "",
      "sPromote": "",
      "sDemote": "",
      "desc": true,
      "descUpdate": true,
      "autostiker": false,
      "antilink": false,
      "antilinkgc": true,
      "antidelete": false,
      "antiasing": false,
      "banchat": false,
      "expired": 0,
      "antibadword": true,
      "antitoxic": true,
      "antispam": true,
      "antitroli": false,
      "antivirtex": false,
      "antihidetag": false,
      "viewonce": true,
      "promosi2": true,
      "banned": true,
      "simi": false,
      "clear": false,
      "clearTime": 0
    },
    "120363024600064973@g.us": {
      "name": "🤖 𝘏𝘢𝘴𝘩𝘪𝘳𝘢 𝘉𝘰𝘵𝘻 ㇱ",
      "add": 0,
      "welcome": true,
      "detect": true,
      "sWelcome": "",
      "sBye": "",
      "sPromote": "",
      "sDemote": "",
      "desc": true,
      "descUpdate": true,
      "autostiker": false,
      "antilink": false,
      "antilinkgc": true,
      "antidelete": false,
      "antiasing": false,
      "banchat": false,
      "expired": 0,
      "antibadword": true,
      "antitoxic": true,
      "antispam": true,
      "antitroli": false,
      "antivirtex": false,
      "antihidetag": false,
      "viewonce": true,
      "promosi2": true,
      "banned": true,
      "simi": false,
      "clear": false,
      "clearTime": 0,
      "stiker": false,
      "antiLink": true,
      "antiBadword": true
    },
    "120363193015898913@g.us": {
      "name": "Update Script ",
      "add": 0,
      "welcome": true,
      "detect": true,
      "sWelcome": "",
      "sBye": "",
      "sPromote": "",
      "sDemote": "",
      "desc": true,
      "descUpdate": true,
      "autostiker": false,
      "antilink": false,
      "antilinkgc": true,
      "antidelete": false,
      "antiasing": false,
      "banchat": false,
      "expired": 0,
      "antibadword": true,
      "antitoxic": true,
      "antispam": true,
      "antitroli": false,
      "antivirtex": false,
      "antihidetag": false,
      "viewonce": true,
      "promosi2": true,
      "banned": true,
      "simi": false,
      "clear": false,
      "clearTime": 0,
      "stiker": false,
      "antiLink": true,
      "antiBadword": true
    },
    "120363130481302867@g.us": {
      "name": "𝗥𝗔𝗠𝗔𝗗𝗛𝗔𝗡 𝟮𝟬𝟮𝟰",
      "add": 0,
      "welcome": true,
      "detect": true,
      "sWelcome": "",
      "sBye": "",
      "sPromote": "",
      "sDemote": "",
      "desc": true,
      "descUpdate": true,
      "autostiker": false,
      "antilink": false,
      "antilinkgc": true,
      "antidelete": false,
      "antiasing": false,
      "banchat": false,
      "expired": 0,
      "antibadword": true,
      "antitoxic": true,
      "antispam": true,
      "antitroli": false,
      "antivirtex": false,
      "antihidetag": false,
      "viewonce": true,
      "promosi2": true,
      "banned": true,
      "simi": false,
      "clear": false,
      "clearTime": 0,
      "stiker": false,
      "antiLink": true,
      "antiBadword": true
    },
    "120363182248365970@g.us": {
      "name": "tes",
      "add": 0,
      "welcome": true,
      "detect": true,
      "sWelcome": "",
      "sBye": "",
      "sPromote": "",
      "sDemote": "",
      "desc": true,
      "descUpdate": true,
      "autostiker": false,
      "antilink": false,
      "antilinkgc": true,
      "antidelete": false,
      "antiasing": false,
      "banchat": false,
      "expired": 0,
      "antibadword": true,
      "antitoxic": true,
      "antispam": true,
      "antitroli": false,
      "antivirtex": false,
      "antihidetag": false,
      "viewonce": true,
      "promosi2": true,
      "banned": true,
      "simi": false,
      "clear": false,
      "clearTime": 0
    },
    "120363182476008274@g.us": {
      "name": "Replit Team",
      "add": 0,
      "welcome": true,
      "detect": true,
      "sWelcome": "",
      "sBye": "",
      "sPromote": "",
      "sDemote": "",
      "desc": true,
      "descUpdate": true,
      "autostiker": false,
      "antilink": false,
      "antilinkgc": true,
      "antidelete": false,
      "antiasing": false,
      "banchat": false,
      "expired": 0,
      "antibadword": true,
      "antitoxic": true,
      "antispam": true,
      "antitroli": false,
      "antivirtex": false,
      "antihidetag": false,
      "viewonce": true,
      "promosi2": true,
      "banned": true,
      "simi": false,
      "clear": false,
      "clearTime": 0
    }
  },
  "settings": {
    "settingbot": {
      "status": 1706486557906,
      "setmenu": "document",
      "docType": "docx",
      "Qoted": "ftoko",
      "autoBio": true,
      "multi": true,
      "prefix": "!",
      "fake": "Hashira°᭄ᴮᵒᵗ",
      "autoblockcmd": false,
      "fake1": "Extream",
      "replyType": "web",
      "setwelcome": "type11",
      "autoReport": true,
      "autoLevel": true,
      "autoSticker": false
    }
  },
  "kickon": {},
  "respon": {
    "Hai": {
      "id": "62858611330211",
      "respon": "Tayo"
    }
  },
  "others": {
    "updateGempa": [],
    "runtime": {
      "runtime": 1707662556078,
      "lastTime": 1707672859964
    },
    "antiSticker": [
      "89,186,86,208,247,206,131,202,73,131,158,10,125,195,113,29,245,214,111,237,222,211,201,128,108,20,203,176,93,243,212,70"
    ]
  }
}